A73502,8,0,i. cor. xv,i. cor. xv
A73502,11,0,psa. lxxi,psa. lxxi
A73502,12,0,lu. xxiiij,lu. xxiiij
A73502,12,1,Math. xxviij.,Math. xxviij.
A73502,12,2,Ioh. xx.,Ioh. xx.
A73502,12,3,i. cor. xv lu. xxiiij,i. cor. xv lu. xxiiij
A73502,12,4,Ioh. xxi,Ioh. xxi
A73502,12,5,i. cor. xv,i. cor. xv
A73502,12,6,Actu. i.,Actu. i.
A73502,15,0,lu. xxiiij,lu. xxiiij
A73502,25,0,i. cor. xv,i. cor. xv
A73502,29,0,"i. cor, xv","i. cor, xv"
A73502,31,0,Iu. xiiij.,Iu. xiiij.
A73502,31,1,i. Reg. xvij. Ion. ij.,i. Reg. xvij. Ion. ij.
A73502,32,0,Col. ij.,Col. ij.
A73502,35,0,i. Pet. i.,i. Pet. i.
A73502,39,0,Ephe. ij,Ephe. ij
A73502,41,0,Psalm. lxxxiiij.,Psalm. lxxxiiij.
A73502,41,1,Eph. iiij Captiua duxit captiuitatem.,Eph. iiij Captiua duxit captiuitatem.
A73502,42,0,Luce. ii.,Luce. ii.
A73502,42,1,Psalm. lxxxiiij. Misericordia et veritas obui auerunt sibi. &c.,Psalm. lxxxiiij. Misericordia et veritas obui auerunt sibi. etc.
A73502,47,0,Eph. iiij,Eph. iiij
A73502,50,0,Lu. xviij,Lu. xviij
A73502,51,0,Phil. iij.,Phil. iij.
A73502,54,0,ij. pet. ij,ij. pet. ij
A73502,54,1,ye,the
A73502,62,0,Ephe. vi,Ephe. vi
A73502,63,0,i. pet. i.,i. pet. i.
A73502,64,0,i. pet. i.,i. pet. i.
A73502,64,1,Rom. vi,Rom. vi
A73502,64,2,Rom. vi,Rom. vi
A73502,65,0,Math. v,Math. v
A73502,66,0,Col. iij,Col. iij
A73502,77,0,Iaco. i.,Iaco. i.
A73502,78,0,phil. iij,phil. iij
A73502,79,0,Luc. i.,Luc. i.
A73502,81,0,Ioh. v,Ioh. v
A73502,83,0,Col iij.,Col iij.
A73502,85,0,Psalm. xxxvi.,Psalm. xxxvi.
A73502,87,0,Mar. vi,Mar. vi
A73502,87,1,Rom. v.,Rom. v.
A73502,89,0,Ro. viij,Ro. viij
A73502,89,1,i. cor. v,i. cor. v
A73502,92,0,Exo. xij,Exo. xij
A73502,103,0,i. cor. x.,i. cor. x.
A73502,113,0,in,in
A73502,114,0,The wordes of S. Austine.,The words of S. Austine.
A73502,116,0,Pertran sijt.,Pertran sijt.
A73502,121,0,therfore,therefore
A73502,125,0,Ioh. iij.,Ioh. iij.
A73502,125,1,Before we be newe borne agayn by spirite we be al Nicodemes.,Before we be new born again by spirit we be all Nicodemes.
A73502,127,0,Ioh. iij.,Ioh. iij.
A73502,127,1,i. Ioh. v.,i. Ioh. v.
A73502,129,0,What it is to beleue that Iesus is Christ.,What it is to believe that Jesus is Christ.
A73502,129,1,A difference of faythes.,A difference of faiths.
A73502,130,0,to,to
A73502,131,0,Borne of God.,Born of God.
A73502,138,0,Mat. iij.,Mat. iij.
A73502,148,0,Esa. lxi. Mat. xi Ioh. xvii,Esa. lxi. Mat. xi Ioh. xvii
A73502,160,0,Ioh. xxi,Ioh. xxi
A73502,166,0,Luke. xxiiij.,Lycia. xxiiij.
A73502,177,0,S. Cyprian.,S. Cyprian.
A73502,179,0,S. Ambrose.,S. Ambrose.
A73502,184,0,Pax vobis.,Pax vobis.
A73502,191,0,The vse of miracles.,The use of miracles.
A73502,192,0,Rom. i.,Rom. i.
A73502,201,0,Esa. lij.,Esa. lij.
A73502,204,0,Rom. ij.,Rom. ij.
A73502,209,0,than,than
A73502,211,0,Ephe. ij,Ephe. ij
A73502,212,0,Esa. liij.,Esa. liij.
A73502,217,0,mat. xiij,mat. xiij
A73502,218,0,The wordes of. saint Hierom,The words of. saint Hierom
A73502,219,0,Ioh. i.,Ioh. i.
A73502,280,0,Ier. xxiij,Ier. xxiij
A73502,283,0,Episcopatus quid sit.,Episcopatus quid sit.
A73502,284,0,Saynt Hierom,Saint Hierom
A73502,293,0,Gala. v.,Gala. v.
A73502,293,1,Ro. xiij.,Ro. xiij.
A73502,293,2,Mat. v.,Mat. v.
A73502,294,0,Ro. xiij. Tit. iij.,Ro. xiij. Tit. iij.
A73502,296,0,Ro. xij.,Ro. xij.
A73502,306,0,The occasion of thys epistle.,The occasion of this epistle.
A73502,310,0,as,as
A73502,311,0,i. pet. v.,i. pet. v.
A73502,311,1,militant,militant
A73502,312,0,Note thys exemple of saynt Hierom,Note this exemple of saint Hierom
A73502,316,0,ij. cor. v.,ij. cor. v.
A73502,319,0,but,but
A73502,321,0,What be carnall desyres.,What be carnal desires.
A73502,326,0,In the daye of visitatio,In the day of visitatio
A73502,332,0,Mat. v.,Mat. v.
A73502,335,0,Ro. xiij.,Ro. xiij.
A73502,338,0,Rom. i.,Rom. i.
A73502,341,0,Fraternitie.,Fraternity.
A73502,343,0,saynt,saint
A73502,355,0,phe. vi,phe. vi
A73502,359,0,mat. xiij,mat. xiij
A73502,360,0,Math. xxv..,Math. xxv..
A73502,364,0,Ioh. vij.,Ioh. vij.
A73502,368,0,Ioh. xx.,Ioh. xx.
A73502,377,0,Mat. xij,Mat. xij
A73502,378,0,Christes raigne.,Christes reign.
A73502,379,0,Ephe. i. and.iiij.,Ephe. i. and iiij
A73502,380,0,Psal. iiij,Psal. iiij
A73502,381,0,Psa. cix.,Psa. cix.
A73502,384,0,i. tim. ii.,i. time. ii.
A73502,385,0,An exeple of our ignorauce,And exeple of our ignorance
A73502,389,0,What it is to go to the father. Ps. lxvij.,What it is to go to the father. Ps. lxvij.
A73502,396,0,Ier. xiij.,Ier. xiij.
A73502,402,0,Crosse & persecutio,Cross & persecutio
A73502,405,0,Psa. cxx,Psa. cxx
A73502,409,0,Prou. iij,Prou. iij
A73502,412,0,Sorowe turned to heuynes.,Sorrow turned to heaviness.
A73502,417,0,The parable of the trauelynge woman.,The parable of the traveling woman.
A73502,424,0,Luc. vi.,Luc. vi.
A73502,437,0,Rom i.,Rom i.
A73502,442,0,Nolite errare.,Nolite errare.
A73502,455,0,Voluntarie.,Voluntary.
A73502,459,0,Rom. vi,Rom. vi
A73502,461,0,Eph^. ij.,Eph^. ij.
A73502,462,0,Col. iij.,Col. iij.
A73502,464,0,Slow to speake.,Slow to speak.
A73502,468,0,In mansuetudine.,In mansuetudine.
A73502,469,0,Rom. x.,Rom. x.
A73502,487,0,Why tholy goost was promysed.,Why tholy ghost was promised.
A73502,491,0,Wherfore,Wherefore
A73502,498,0,But now I go &c.,But now I go etc.
A73502,501,0,Expedi^ vobis.,Expedi^ vobis.
A73502,506,0,The profyte of Christes death.,The profit of Christes death.
A73502,510,0,Actu. i.,Actu. i.
A73502,511,0,Paracletus quid fit.,Paracletus quid fit.
A73502,512,0,Thre lettes.,Thre lets.
A73502,522,0,Of sinne,Of sin
A73502,524,0,The,The
A73502,528,0,Iugemet,Iugemet
A73502,528,1,Adhuc multa habeo.,Adhuc multa habeo.
A73502,538,0,Chrysostom.,Chrysostom.
A73502,539,0,put,put
A73502,549,0,Ioh. iij.,Ioh. iij.
A73502,550,0,Chrysostome in cap. mat xxij. homi. xli.,Chrysostome in cap. mat xxij. homi. xli.
A73502,565,0,who be the true hearers of gods worde mat. xiij,who be the true hearers of gods word mat. xiij
A73502,565,1,Psal. i.,Psal. i.
A73502,566,0,the false hearers.,the false hearers.
A73502,568,0,Estote factores verbi.,Estote factores verbi.
A73502,569,0,For,For
A73502,575,0,Augus.,Augus.
A73502,576,0,Ro. iiij.,Ro. iiij.
A73502,576,1,Chrysostome de fide et Lege.,Chrysostome de fide et Lege.
A73502,577,0,True religion.,True religion.
A73502,578,0,Pure,Pure
A73502,599,0,The vertu of prayers,The virtue of prayers
A73502,602,0,lu. xviij.,lu. xviij.
A73502,610,0,we must pray only in the name of Christe.,we must pray only in the name of Christe.
A73502,612,0,"i, Pet. ij.","i, Pet. ij."
A73502,615,0,Chrisostome.,Chrisostome.
A73502,618,0,Theophilactus in Iohan. ca. xv.,Theophilactus in Iohan. ca. xv.
A73502,622,0,Math. v.,Math. v.
A73502,624,0,ij. cor. i.,ij. cor. i.
A73502,625,0,Ro. viij.,Ro. viij.
A73502,626,0,Phi. iiij.,Phi. iiij.
A73502,633,0,From whence the peace of coscience springeth.,From whence the peace of conscience springs.
A73502,633,1,ij. pe. iij.,ij. pe. iij.
A73502,634,0,Luce. ij.,Luce. ij.
A73502,637,0,Psa. xiij Ioh. iij.,Psa. xiij Ioh. iij.
A73502,645,0,And,And
A73502,651,0,litanies.,litanies.
A73502,652,0,The abuse of these dayes.,The abuse of these days.
A73502,659,0,that,that
A73502,661,0,What is to be demauded in supplications.,What is to be demauded in supplications.
A73502,662,0,i. Timo. iiij.,i. Timo. iiij.
A73502,662,1,and,and
A73502,673,0,No man regardeth the spirituall pestilence.,No man regardeth the spiritual pestilence.
A73502,677,0,The abuse of goddes gyftes.,The abuse of gods gifts.
A73502,678,0,Rom. i.,Rom. i.
A73502,684,0,Ioh. xx.,Ioh. xx.
A73502,684,1,lu. xxiiij,lu. xxiiij
A73502,684,2,Ioh. iiij.,Ioh. iiij.
A73502,684,3,Ioh. i.,Ioh. i.
A73502,685,0,math. iij,math. iij
A73502,686,0,Math. xxiij. lu. xxiiij,Math. xxiij. lu. xxiiij
A73502,686,1,Ioh. xv.,Ioh. xv.
A73502,687,0,Mar. xvi,Mar. xvi
A73502,688,0,Math. xxiiij. mar. xiij Apoc. i.,Math. xxiiij. mar. xiij Apoc. i.
A73502,692,0,&,&
A73502,695,0,Theophilus.,Theophilus.
A73502,697,0,Mat. iij.,Mat. iij.
A73502,697,1,Mat. iiij,Mat. iiij
A73502,702,0,Rom. i.,Rom. i.
A73502,706,0,Math. v,Math. v
A73502,710,0,Math. v,Math. v
A73502,716,0,Origene,Origene
A73502,717,0,Who be scribes.,Who be scribes.
A73502,718,0,Ro. vij.,Ro. vij.
A73502,718,1,Austine.,Austine.
A73502,719,0,Ioh. iij.,Ioh. iij.
A73502,721,0,The papistes be scribes.,The papists be scribes.
A73502,724,0,What origene calleth pharisee.,What origen calls pharisee.
A73502,735,0,The wekenes of the apostles.,The weakens of the apostles.
A73502,739,0,The office of apostles or preachers.,The office of apostles or preachers.
A73502,741,0,Now,Now
A73502,741,1,The frute of the ascesion,The fruit of the ascesion
A73502,768,0,Incredulitie.,Incredulity.
A73502,769,0,for,for
A73502,774,0,Gal. vi.,Gal. vi.
A73502,775,0,you,you
A73502,777,0,Euell ought to be punyshed.,Evil ought to be punished.
A73502,792,0,Christ vpbraydeth his apostles of theyr infidefitie.,Christ upbraideth his apostles of their infidefitie.
A73502,793,0,What it is to beleue the resurrection of Christ.,What it is to believe the resurrection of Christ.
A73502,803,0,Ioh. xvi,Ioh. xvi
A73502,805,0,he,he
A73502,809,0,All outwarde christen men beleue not in the resurrection.,All outward christian men believe not in the resurrection.
A73502,821,0,thou,thou
A73502,824,0,But,But
A73502,826,0,Abac. i.,Abac. i.
A73502,828,0,Actu. ix,Actu. ix
A73502,830,0,What is gospel.,What is gospel.
A73502,831,0,Fayth constrayneth no man.,Faith constraineth no man.
A73502,836,0,eyther,either
A73502,839,0,Ps. viij,Ps. viij
A73502,846,0,Sygnes ioyned to the worde.,Signs joined to the word.
A73502,849,0,Ge. xvij,Ge. xvij
A73502,849,1,Austine.,Austine.
A73502,868,0,A mystical interpretacion.,A mystical interpretation.
A73502,874,0,Io. xiiij.,Io. xiiij.
A73502,900,0,The occasion of thys epistle.,The occasion of this epistle.
A73502,900,1,accordynge,according
A73502,904,0,Sobrenes and modestie.,Soberness and modesty.
A73502,913,0,Charite,Charity
A73502,914,0,Math. v,Math. v
A73502,917,0,Vehemet charitie.,Vehemet charity.
A73502,918,0,for,for
A73502,926,0,Ro. xij.,Ro. xij.
A73502,927,0,Good stewardes.,Good stewards.
A73502,927,1,where,where
A73502,930,0,Ex virtute.,Ex virtute.
A73502,933,0,Howe god is glorified by our gyftes and workes,How god is glorified by our gifts and works
A73502,934,0,Ps. lxvij,Ps. lxvij
A73502,945,0,Paracletus.,Paracletus.
A73502,947,0,Ro. viij.,Ro. viij.
A73502,954,0,Act. v.,Act. v.
A73502,954,1,The spirite of truth.,The spirit of truth.
A73502,956,0,Vndoubtedly,Undoubtedly
A73502,957,0,The prophecie of Ieremye.,The prophecy of Ieremye.
A73502,961,0,For,For
A73502,962,0,Psalm. lxxxviij. Esa. lv.,Psalm. lxxxviij. Esa. lv.
A73502,971,0,math. iij,math. iij
A73502,981,0,ij. tim. ij,ij. time. ij
A73502,981,1,Gala. ij.,Gala. ij.
A73502,985,0,Ro. viij.,Ro. viij.
A73502,1000,0,Io. xiiij,Io. xiiij
A73502,1004,0,The causes why the holy goost is sent.,The causes why the holy ghost is sent.
A73502,1007,0,Ephe. i. i. cor. i.,Ephe. i. i. cor. i.
A73502,1009,0,A description of the holy goost.,A description of the holy ghost.
A73502,1012,0,Pentecost.,Pentecost.
A73502,1015,0,Actu. ij.,Actu. ij.
A73502,1020,0,Surely,Surely
A73502,1024,0,Dyuerse tonges.,Diverse tongues.
A73502,1026,0,for,for
A73502,1029,0,Ro. xij. i. cor. xi.,Ro. xij. i. cor. xi.
A73502,1035,0,Magnalia Dei.,Magnalia Dei.
A73502,1061,0,The original begynning of Petecost.,The original beginning of Petecost.
A73502,1069,0,ij. co. iij and iiij.,ij. counterfeit. iij and iiij.
A73502,1079,0,The law spritual.,The law spiritual.
A73502,1088,0,The office of the holy goost.,The office of the holy ghost.
A73502,1097,0,And,And
A73502,1105,0,Charite is the frute of fayth.,Charity is the fruit of faith.
A73502,1111,0,A question.,A question.
A73502,1114,0,hys,his
A73502,1116,0,docebit,docebit
A73502,1120,0,The peace of Christ.,The peace of Christ.
A73502,1123,0,Furthermore,Furthermore
A73502,1126,0,Math. xxviij.,Math. xxviij.
A73502,1129,0,Ioh. x.,Ioh. x.
A73502,1131,0,Priceps mundi.,Priceps mundi.
A73502,1132,0,Gen. iij.,Gen. iij.
A73502,1152,0,The sume of S. Peters prechig,The fume of S. Peters prechig
A73502,1160,0,Esa. liij.,Esa. liij.
A73502,1165,0,Origene in epist. ad Ro. li. iij. ca. iij.,Origene in epist. ad Ro. li. iij. ca. iij.
A73502,1166,0,Ambrose of the callynge of the gentyls.,Ambrose of the calling of the gentles.
A73502,1167,0,Ierome.,Ierome.
A73502,1167,1,Austine.,Austine.
A73502,1174,0,Actu. x.,Actu. x.
A73502,1177,0,yt,that
A73502,1181,0,What is baptisme.,What is baptism.
A73502,1182,0,Ierome super Esa.,Ierome super Esa.
A73502,1213,0,Here,Here
A73502,1217,0,Rom. v.,Rom. v.
A73502,1227,0,Math. v.,Math. v.
A73502,1229,0,Ioh. v.,Ioh. v.
A73502,1237,0,Ioh. i.,Ioh. i.
A73502,1251,0,Math. xxiii.,Math. xxiii.
A73502,1276,0,Ro. xv.,Ro. xv.
A73502,1276,1,Fyrst,Fyrst
A73502,1282,0,Math. x,Math. x
A73502,1287,0,Austine,Austine
A73502,1295,0,mar. xvi,mar. xvi
A73502,1297,0,The solution.,The solution.
A73502,1297,1,but,but
A73502,1323,0,Io. xiiij.,Io. xiiij.
A73502,1332,0,Act. xx.,Act. xx.
A73502,1336,0,for,for
A73502,1336,1,Prouer. xxvij.,Prouer. xxvij.
A73502,1342,0,i. tim. iij Tit. ij.,i. time. iij Tit. ij.
A73502,1352,0,of,of
A73502,1354,0,Mat. xvi,Mat. xvi
A73502,1355,0,Ioh. i.,Ioh. i.
A73502,1355,1,Ioh. viij,Ioh. viij
A73502,1355,2,Ioh. xi.,Ioh. xi.
A73502,1374,0,Erasmus in paraphrasi.,Erasmus in paraphrasi.
A73502,1383,0,The oration of Peter.,The oration of Peter.
A73502,1389,0,Iohel. ij,Johel. ij
A73502,1389,1,Erit in nouissimis die bus.,Erit in nouissimis die bus.
A73502,1397,0,Math. xxvij. lu. xxiij.,Math. xxvij. lu. xxiij.
A73502,1421,0,Nemo potest venire ad me.,Nemo potest venire ad me.
A73502,1425,0,Whosoeuer,Whosoever
A73502,1432,0,Esa. liiij,Esa. liiij
A73502,1440,0,Austine.,Austine.
A73502,1445,0,Augu. de ciuitate dei li. xxi. cap. xxv,Augu. de ciuitate dei li. xxi. cap. xxv
A73502,1447,0,Austine. Bernard,Austine. Bernard
A73502,1486,0,Austin.,Austin.
A73502,1488,0,but,but
A73502,1489,0,The wordes of saynte Austine.,The words of faint Austine.
A73502,1495,0,The,The
A73502,1507,0,Austin.,Austin.
A73502,1509,0,Ioh. vj.,Ioh. vj.
A73502,1510,0,August. lib. iij. de doct. Christ. S. Ambrose.,August. lib. iij. the doct. Christ. S. Ambrose.
A73502,1512,0,let,let
A73502,1515,0,i. cor. xj.,i. cor. xj.
A73502,1517,0,Contricion of herte.,Contrition of heart.
A73502,1517,1,Faythe & hope of forgiuenes.,Faith & hope of forgiveness.
A73502,1517,2,Math. xxvj.,Math. xxvj.
A73502,1517,3,Confession to a preste,Confession to a pressed
A73502,1517,4,Ioh. xx. Luce. x.,Ioh. xx. Luce. x.
A73502,1520,0,The frutes of penaunce.,The fruits of penance.
A73502,1544,0,Deu. v.,Deu. v.
A73502,1544,1,Why the feaste of Trinitie was institute.,Why the feast of Trinitie was institute.
A73502,1547,0,phil. iij.,phil. iij.
A73502,1552,0,Psalm. lxxxiiij.,Psalm. lxxxiiij.
A73502,1555,0,The raynebow.,The raynebow.
A73502,1555,1,emerald,emerald
A73502,1555,2,Lactantius.,Lactantius.
A73502,1559,0,Exod. xxiiii. Nu. xi. Act. xx.,Exod. xxiiii. Nu. xi. Act. xx.
A73502,1562,0,i. cor. vi.,i. cor. vi.
A73502,1563,0,Exod. xviiij,Exod. xviiij
A73502,1564,0,Cap. xi.,Cap. xi.
A73502,1569,0,Esa. xi. i. cor. xij,Esa. xi. i. cor. xij
A73502,1572,0,Ioh. iij. i. Pe. iiij,Ioh. iij. i. Pe. iiij
A73502,1578,0,Heb. ij.,Heb. ij.
A73502,1581,0,whych,which
A73502,1585,0,Esa. vi.,Esa. vi.
A73502,1586,0,holy,holy
A73502,1586,1,Math. xxviij.,Math. xxviij.
A73502,1612,0,The description of Nicodemus.,The description of Nicodemus.
A73502,1618,0,The flesh is fearfull.,The flesh is fearful.
A73502,1620,0,Math. x,Math. x
A73502,1631,0,Iere v. Ro. xiiij,Iere v. Ro. xiiij
A73502,1635,0,What the scripture calleth fleshe Ro. viij.,What the scripture calls flesh Ro. viij.
A73502,1637,0,Newe byrth,New birth
A73502,1637,1,What it is to se the kingdom of God,What it is to see the kingdom of God
A73502,1643,0,psa. cxv,psa. cxv
A73502,1645,0,Baptisme,Baptism
A73502,1650,0,What it is to be newe borne,What it is to be new born
A73502,1653,0,Phil. iij.,Phil. iij.
A73502,1655,0,"Eph, iiij","Eph, iiij"
A73502,1659,0,Christ hath purchased vs the spirite,Christ hath purchased us the spirit
A73502,1661,0,Nu. xxi.,Nu. xxi.
A73502,1667,0,he,he
A73502,1693,0,Aug. cotra Pela cap. xx,Aug. cotra Pela cap. xx
A73502,1695,0,There be no merites before grace.,There be no merits before grace.
A73502,1698,0,For,For
A73502,1704,0,Exod. xxxiii.,Exod. xxxiii.
A73502,1709,0,The spirite of God,The spirit of God
A73502,1720,0,Aug. ad Anastasiu epi. cxliiij.,Aug. ad Anastasiu epi. cxliiij.
A73502,1731,0,Math. xxvi.,Math. xxvi.
A73502,1763,0,what,what
A73502,1767,0,esa. lxvj Math. xxv.,esa. lxvj Math. xxv.
A73502,1769,0,Prou. i.,Prou. i.
A73502,1772,0,Iaco. ii.,Iaco. ii.
A73502,1775,0,Ps. xxxij,Ps. xxxij
A73502,1781,0,that,that
A73502,1781,1,Deut. xviij,Deut. xviij
A73502,1784,0,i. Reg. xxviij,i. Reg. xxviij
A73502,1786,0,Luc. xvi,Luc. xvi
A73502,1787,0,abrahas bosome,abrahas bosom
A73502,1801,0,and,and
A73502,1813,0,Rom. vi,Rom. vi
A73502,1816,0,The law is spirituall,The law is spiritual
A73502,1821,0,Mat. vij,Mat. vij
A73502,1823,0,The loue of god toward vs,The love of god towards us
A73502,1829,0,i. tim. i,i. time. i
A73502,1832,0,psal. i,psal. i
A73502,1853,0,that,that
A73502,1870,0,Lu. xiiij,Lu. xiiij
A73502,1872,0,i. pet. v,i. pet. v
A73502,1872,1,Psalm. xxxvi.,Psalm. xxxvi.
A73502,1875,0,Math. xxv.,Math. xxv.
A73502,1875,1,mat. xix,mat. xix
A73502,1876,0,i. tim. vi,i. time. vi
A73502,1878,0,ii co. iiij,ii counterfeit. iiij
A73502,1902,0,What is to be hubled.,What is to be hubled.
A73502,1904,0,we,we
A73502,1911,0,Saynt,Saint
A73502,1915,0,Tanq leo rugiens.,Tanq leo rugiens.
A73502,1917,0,that,that
A73502,1938,0,Publicanes.,Publicans.
A73502,1946,0,Esa. xl.,Esa. xl.
A73502,1946,1,Ezechi. xxxiiii.,Ezechi. xxxiiii.
A73502,1953,0,The declaracio of the parable,The declaracio of the parable
A73502,1957,0,Esa. xlij,Esa. xlij
A73502,1960,0,Iustice pharisaicall.,Justice pharisaical.
A73502,1962,0,Math. v,Math. v
A73502,1964,0,So,So
A73502,1966,0,Now,Now
A73502,1984,0,Psalm. xxxiij.,Psalm. xxxiij.
A73502,1986,0,i. cor. ij Esa. lxiiij.,i. cor. ij Esa. lxiiij.
A73502,1990,0,phil. iiij,phil. iiij
A73502,1992,0,Ioh. xvi,Ioh. xvi
A73502,1993,0,Mat. ix.,Mat. ix.
A73502,1994,0,Act. ix.,Act. ix.
A73502,1995,0,i. tess. iij Heb. xij,i. tess. iij Heb. xij
A73502,1999,0,Math. ^,Math. ^
A73502,2000,0,Ro. viij.,Ro. viij.
A73502,2001,0,Phil. ij.,Phil. ij.
A73502,2005,0,i. co. xij Heb. iiij,i. counterfeit. xij Heb. iiij
A73502,2019,0,ij co. iiij,ij counterfeit. iiij
A73502,2020,0,Ro. viii.,Ro. viii.
A73502,2022,0,ij. cor. v.,ij. cor. v.
A73502,2022,1,Eph. vi,Eph. vi
A73502,2057,0,Math. v,Math. v
A73502,2059,0,i. Io. iij,i. Io. iij
A73502,2062,0,Iaco. ii.,Iaco. ii.
A73502,2065,0,Ro. xiij,Ro. xiij
A73502,2068,0,i. Pet. ij,i. Pet. ij
A73502,2071,0,Hierome,Hierome
A73502,2075,0,Math. v,Math. v
A73502,2076,0,Math xviij Ro. xiiij,Math xviij Ro. xiiij
A73502,2077,0,ij. cor. ix,ij. cor. ix
A73502,2086,0,Esopes wallet,Esopes wallet
A73502,2095,0,i. tim. v. Esa. lviij,i. time. v. Esa. lviij
A73502,2097,0,Math. xviij,Math. xviij
A73502,2117,0,Compacient,Compacient
A73502,2119,0,Ro. xiij,Ro. xiij
A73502,2119,1,Ephe. i.,Ephe. i.
A73502,2128,0,What,What
A73502,2133,0,Austine,Austine
A73502,2161,0,Rogauit eum.,Rogauit eum.
A73502,2162,0,Sedens docebat.,Sedens docebat.
A73502,2165,0,that,that
A73502,2166,0,Mat. vi.,Mat. vi.
A73502,2166,1,The vse of myracles.,The use of miracles.
A73502,2171,0,&,&
A73502,2175,0,Repentaunte harte.,Repentaunte heart.
A73502,2176,0,But,But
A73502,2180,0,Solutio,Solutio
A73502,2184,0,but,but
A73502,2203,0,made,made
A73502,2207,0,The significacion of baptisme,The signification of baptism
A73502,2224,0,Rom. vi,Rom. vi
A73502,2224,1,Rom. ix,Rom. ix
A73502,2230,0,Titu. iij,Titu. iij
A73502,2231,0,Rom. vi i. cor. i,Rom. vi i. cor. i
A73502,2235,0,i. Io. ij.,i. Io. ij.
A73502,2235,1,Mat. xij,Mat. xij
A73502,2236,0,Heb. xi.,Heb. xi.
A73502,2237,0,Marc. i.,Marc. i.
A73502,2239,0,Gal. v.,Gal. v.
A73502,2242,0,Hiero. super mathe. x.,Hiero. super mathe. x.
A73502,2245,0,August. ad Iuli. lib. iiij. cap. iij,August. ad Iuli. lib. iiij. cap. iij
A73502,2246,0,Mat. iij.,Mat. iij.
A73502,2248,0,i. Ioh. iij,i. Ioh. iij
A73502,2269,0,Howe Christ expouneth the lawe.,How Christ exponeth the law.
A73502,2270,0,Non occides.,Non occides.
A73502,2284,0,Racha is a signe or a gesture of an angry person,Racha is a sign or a gesture of and angry person
A73502,2299,0,Reconcile.,Reconcile.
A73502,2311,0,Tythes ought to be payde truly.,Tithes ought to be paid truly.
A73502,2322,0,then,then
A73502,2343,0,humanu,humanu
A73502,2354,0,Deth is the wages of synne.,Death is the wages of sin.
A73502,2354,1,Aug. in Enchiri. capi. cvi,Aug. in Enchiri. capi. cvi
A73502,2355,0,The wordes of S Austine.,The words of S Austine.
A73502,2379,0,Horatius in epist.,Horatius in epist.
A73502,2380,0,An exeple of infidelitie,And exeple of infidelity
A73502,2383,0,Mat. xix,Mat. xix
A73502,2383,1,The tyme of gods helpe.,The time of gods help.
A73502,2385,0,We,We
A73502,2401,0,We ought to mortifie our lustes.,We ought to mortify our lusts.
A73502,2406,0,Two spirites.,Two spirits.
A73502,2411,0,i. Io. iiij.,i. Io. iiij.
A73502,2411,1,The office of the holy goost,The office of the holy ghost
A73502,2414,0,Eph. iij,Eph. iij
A73502,2416,0,Ephe. iij. cor. i.,Ephe. iij. cor. i.
A73502,2417,0,the way of glorifyenge vs.,the way of glorifyenge us
A73502,2441,0,Ier. xxiij,Ier. xxiij
A73502,2449,0,Ioh. x.,Ioh. x.
A73502,2453,0,lu. xviij.,lu. xviij.
A73502,2455,0,Ro. viii.,Ro. viii.
A73502,2457,0,Rom. vi,Rom. vi
A73502,2463,0,Austine.,Austine.
A73502,2465,0,i. cor. iij,i. cor. iij
A73502,2485,0,All,All
A73502,2485,1,False gospellers.,False gospelers.
A73502,2496,0,Mat. iiij,Mat. iiij
A73502,2497,0,Nu. xxv,Nu. xxv
A73502,2499,0,Stare.,Stare.
A73502,2502,0,accordynge,according
A73502,2529,0,The parables of christ perteine to vs.,The parables of christ pertain to us
A73502,2545,0,ii. co. iiij,ii. counterfeit. iiij
A73502,2551,0,A faythfull stewarde.,A faithful steward.
A73502,2551,1,mat. xxv,mat. xxv
A73502,2553,0,which,which
A73502,2577,0,Luce. x.,Luce. x.
A73502,2577,1,Mat. xvi,Mat. xvi
A73502,2612,0,The worlde,The world
A73502,2615,0,The deuell.,The devil.
A73502,2616,0,Io. viij.,Io. viij.
A73502,2618,0,And,And
A73502,2621,0,Prouerbe.,Proverb.
A73502,2623,0,A description of the deuell.,A description of the devil.
A73502,2625,0,The genealogy of the deuell.,The genealogy of the devil.
A73502,2630,0,Math. v,Math. v
A73502,2631,0,i. pet. ij.,i. pet. ij.
A73502,2635,0,Chyldre of lyghtes policie.,Children of lights policy.
A73502,2648,0,Armure of the chyldre of lyght,Armure of the children of light
A73502,2649,0,Armure of worldes chyldren,Armure of world's children
A73502,2678,0,Make you frendes of the wicked Mamon.,Make you friends of the wicked Mamon.
A73502,2715,0,The occasion of thys epistle.,The occasion of this epistle.
A73502,2736,0,The cause of arrogancye in gospellers.,The cause of arrogance in gospelers.
A73502,2738,0,Scietia inflat.,Scietia inflat.
A73502,2740,0,i. cor. iiij,i. cor. iiij
A73502,2742,0,For,For
A73502,2742,1,Psalm. lxxvi.,Psalm. lxxvi.
A73502,2747,0,Anathema what it is.,Anathema what it is.
A73502,2748,0,but,but
A73502,2748,1,Hierom,Hierom
A73502,2782,0,Ioh. iiij.,Ioh. iiij.
A73502,2804,0,Apo. xx,Apo. xx
A73502,2840,0,Psalm. xiiij.,Psalm. xiiij.
A73502,2843,0,Origine,Origine
A73502,2857,0,Austine.,Austine.
A73502,2857,1,Math. vi,Math. vi
A73502,2886,0,The wordes S. Austine.,The words S. Austine.
A73502,2890,0,but,but
A73502,2906,0,But,But
A73502,2908,0,The propertie of the Aspike.,The property of the Aspike.
A73502,2912,0,Other mens fayth otherwhyles helpeth,Other men's faith otherwhiles helpeth
A73502,2918,0,helth,health
A73502,2918,1,The allegorie.,The allegory.
A73502,2920,0,the,the
A73502,2927,0,Why Christ syghed.,Why Christ sighed.
A73502,2929,0,and,and
A73502,2933,0,Actu. ij.,Actu. ij.
A73502,2934,0,Act. iiij.,Act. iiij.
A73502,2940,0,to,to
A73502,2940,1,An exeple for vs to folowe.,And exeple for us to follow.
A73502,2952,0,But,But
A73502,2972,0,Ambrose.,Ambrose.
A73502,2975,0,Ge. xxij,Ge. xxij
A73502,2981,0,Ro xiiij,Ro xiiij
A73502,2987,0,An obiection.,And objection.
A73502,2987,1,Solutio,Solutio
A73502,2991,0,i. Tim. i.,i. Tim. i.
A73502,2999,0,Actu. vij,Actu. vij
A73502,3041,0,Luce. ij.,Luce. ij.
A73502,3044,0,Luce. ij.,Luce. ij.
A73502,3050,0,Deut. vi.,Deut. vi.
A73502,3057,0,Rom. ij.,Rom. ij.
A73502,3058,0,Math. v.,Math. v.
A73502,3061,0,Math. v,Math. v
A73502,3066,0,Mat. vij,Mat. vij
A73502,3082,0,Rom. vij,Rom. vij
A73502,3091,0,Rom. vij.,Rom. vij.
A73502,3093,0,Ioh. iij.,Ioh. iij.
A73502,3115,0,Iob. vij,Iob. vij
A73502,3117,0,Ge. viij.,Ge. viij.
A73502,3118,0,Ioh. iij,Ioh. iij
A73502,3125,0,i. tim. i.,i. time. i.
A73502,3125,1,Plato.,Plato.
A73502,3129,0,Workes of the fleshe.,Works of the flesh.
A73502,3132,0,i. tim. i.,i. time. i.
A73502,3133,0,i. cor. ix.,i. cor. ix.
A73502,3153,0,Num. v,Num. v
A73502,3161,0,accordyng,according
A73502,3161,1,"ij. cor, ij","ij. cor, ij"
A73502,3185,0,mat. viij,mat. viij
A73502,3188,0,yf,if
A73502,3195,0,i. cor. x.,i. cor. x.
A73502,3196,0,Whosoeuer,Whosoever
A73502,3196,1,Ro xiij.,Ro xiij.
A73502,3200,0,ij. cor. x.,ij. cor. x.
A73502,3201,0,Mat. xvi,Mat. xvi
A73502,3205,0,Two feldes,Two fields
A73502,3244,0,Hierom.,Hierom.
A73502,3245,0,Chrysostomus super Mattheum.,Chrysostomus super Mattheum.
A73502,3246,0,by,by
A73502,3255,0,Hierom.,Hierom.
A73502,3256,0,Austine.,Austine.
A73502,3259,0,Chrysostome,Chrysostome
A73502,3259,1,Kyngdo of God.,Kingdom of God.
A73502,3281,0,Psalm. xxxij.,Psalm. xxxij.
A73502,3282,0,Eph. liij,Eph. liij
A73502,3308,0,Ioh. xi,Ioh. xi
A73502,3313,0,S. Ambrose,S. Ambrose
A73502,3315,0,An allegorie,And allegory
A73502,3317,0,Bede,Bede
A73502,3354,0,Cyrillus,Cyrillus
A73502,3354,1,math. vi,math. vi
A73502,3358,0,The spirituall dropsye,The spiritual dropsy
A73502,3368,0,Math. xxij.,Math. xxij.
A73502,3387,0,math. vi,math. vi
A73502,3407,0,Hierom,Hierom
A73502,3407,1,Chrysostome,Chrysostome
A73502,3413,0,Chrysostome.,Chrysostome.
A73502,3426,0,Psal. xix,Psal. xix
A73502,3429,0,Remigius.,Remigius.
A73502,3452,0,Omnia homo mendax,Omnia homo mendax
A73502,3461,0,ij. ti. iiij.,ij. ti. iiij.
A73502,3462,0,ij. cor. v.,ij. cor. v.
A73502,3479,0,Chrysostome,Chrysostome
A73502,3482,0,Ro. xiij.,Ro. xiij.
A73502,3482,1,Iere. v.,Iere. v.
A73502,3504,0,we be here exhorted to good workes.,we be here exhorted to good works.
A73502,3504,1,And,And
A73502,3509,0,Mat. xv,Mat. xv
A73502,3537,0,S. Gregorye.,S. Gregorye.
A73502,3538,0,For,For
A73502,3543,0,What the doctours call the weddig garmete Gregorye. Hierom Chrysostome.,What the doctors call the weddig garmete Gregorye. Hierom Chrysostome.
A73502,3551,0,S. Hiero,S. Hiero
A73502,3569,0,Ps. xxiij,Ps. xxiij
A73502,3572,0,but,but
A73502,3572,1,The armour of a christe souldiour.,The armour of a christe soldier.
A73502,3601,0,Sainte Austine,Sainte Austine
A73502,3609,0,Degreis in fayth after. S. Bede.,Degrees in faith after. S. Bede.
A73502,3622,0,Ioh. xj.,Ioh. xj.
A73502,3626,0,The day of Iesus Christe.,The day of Jesus Christe.
A73502,3650,0,Mat. vj.,Mat. vj.
A73502,3671,0,Chrysostome,Chrysostome
A73502,3673,0,quousque pro infinito.,quousque pro infiinite.
A73502,3673,1,Remigius.,Remigius.
A73502,3688,0,Wherfore,Wherefore
A73502,3688,1,Paules glorye.,Paules glory.
A73502,3721,0,S. Hierome.,S. Hierome.
A73502,3723,0,Chrysostomus super Mat.,Chrysostomus super Mat.
A73502,3756,0,The desyres of al christen men.,The desires of all christian men.
A73502,3775,0,Remigius,Remigius
A73502,3785,0,O,O
A73502,3790,0,Faythe without charitie is nothinge worth.,Faith without charity is nothing worth.
A73502,3823,0,Psal. ij.,Psal. ij.
A73502,3865,0,Austine,Austine
A73502,3866,0,Abac. ij.,Abac. ij.
A73502,3869,0,For,For
